Date,stock_price
4/30/2025,161.839996
4/29/2025,163.759995
4/28/2025,164.770004
4/25/2025,165.300003
4/24/2025,160.240005
4/23/2025,156.809998
4/22/2025,161.940002
4/21/2025,161.410004
4/17/2025,161.020004
4/16/2025,160.550003
4/15/2025,157.869995
4/14/2025,153.490005
4/11/2025,151.000000
4/10/2025,150.000000
4/9/2025,149.990005
4/8/2025,147.869995
4/7/2025,147.919998
4/4/2025,150.809998
4/3/2025,150.440002
4/2/2025,151.279999
4/1/2025,150.960007
3/31/2025,151.490005
3/28/2025,150.020004
3/27/2025,148.960007
3/26/2025,149.800003
3/25/2025,152.570007
3/24/2025,148.850006
3/21/2025,149.320007
3/20/2025,148.639999
3/19/2025,148.690002
3/18/2025,149.479996
3/17/2025,149.259995
3/14/2025,148.759995
3/13/2025,146.550003
3/12/2025,144.839996
3/11/2025,143.759995
3/10/2025,140.910004
3/7/2025,141.509995
3/6/2025,142.809998
3/5/2025,142.899994
3/4/2025,143.289993
3/3/2025,142.000000
2/28/2025,141.110001
2/27/2025,139.139999
2/26/2025,142.649994
2/25/2025,141.500000
2/24/2025,142.830002
2/21/2025,141.910004
2/20/2025,145.369995
2/19/2025,146.919998
2/18/2025,146.830002
2/14/2025,145.850006
2/13/2025,143.429993
2/12/2025,142.940002
2/11/2025,146.059998
2/10/2025,148.789993
2/7/2025,149.029999
2/6/2025,148.119995
2/5/2025,149.550003
2/4/2025,148.970001
2/3/2025,154.070007
1/31/2025,155.110001
1/30/2025,156.690002
1/29/2025,154.300003
1/28/2025,153.649994
1/27/2025,152.509995
1/24/2025,151.830002
1/23/2025,153.119995
1/22/2025,148.600006
1/21/2025,147.539993
1/17/2025,148.360001
1/16/2025,149.619995
1/15/2025,149.710007
1/14/2025,148.190002
1/13/2025,146.699997
1/10/2025,146.360001
1/9/2025,150.190002
1/8/2025,151.119995
1/7/2025,149.100006
1/6/2025,148.889999
1/3/2025,145.860001
1/2/2025,145.600006
12/31/2024,146.089996
12/30/2024,146.139999
12/27/2024,147.059998
12/26/2024,146.949997
12/24/2024,147.360001
12/23/2024,145.520004
12/20/2024,145.860001
12/19/2024,145.639999
12/18/2024,144.979996
12/17/2024,146.770004
12/16/2024,148.990005
12/13/2024,148.559998
12/12/2024,146.800003
12/11/2024,145.399994
12/10/2024,146.149994
12/9/2024,142.449997
12/6/2024,146.389999
12/5/2024,148.479996
12/4/2024,149.149994
12/3/2024,145.639999
12/2/2024,144.500000
11/29/2024,145.110001
11/27/2024,143.240005
11/26/2024,144.570007
11/25/2024,142.020004
11/22/2024,139.960007
11/21/2024,137.270004
11/20/2024,136.960007
11/19/2024,136.330002
11/18/2024,134.779999
11/15/2024,133.110001
11/14/2024,133.410004
11/13/2024,133.699997
11/12/2024,133.979996
11/8/2024,132.300003
11/7/2024,130.460007
11/6/2024,131.789993
11/5/2024,130.149994
11/4/2024,129.639999
11/1/2024,130.479996
10/31/2024,127.349998
10/30/2024,126.110001
10/29/2024,127.129997
10/28/2024,126.739998
10/25/2024,125.900002
10/24/2024,125.889999
10/23/2024,123.540001
10/22/2024,125.059998
10/21/2024,124.279999
10/18/2024,124.610001
10/17/2024,125.279999
10/16/2024,126.849998
10/15/2024,126.900002
10/11/2024,127.099998
10/10/2024,125.430000
10/9/2024,127.309998
10/8/2024,124.690002
10/7/2024,124.849998
10/4/2024,126.269997
10/3/2024,127.449997
10/2/2024,124.970001
10/1/2024,122.769997
9/30/2024,125.910004
9/27/2024,126.849998
9/26/2024,130.210007
9/25/2024,129.740005
9/24/2024,128.100006
9/23/2024,127.849998
9/20/2024,132.539993
9/19/2024,131.460007
9/18/2024,133.479996
9/17/2024,133.580002
9/16/2024,134.389999
9/13/2024,134.720001
9/12/2024,134.320007
9/11/2024,131.940002
9/10/2024,133.500000
9/9/2024,133.110001
9/6/2024,134.839996
9/5/2024,134.160004
9/4/2024,134.500000
9/3/2024,132.029999
8/30/2024,134.429993
8/29/2024,131.240005
8/28/2024,133.000000
8/27/2024,130.360001
8/26/2024,127.900002
8/23/2024,126.209999
8/22/2024,125.900002
8/21/2024,123.000000
8/20/2024,122.150002
8/19/2024,119.900002
8/16/2024,121.389999
8/15/2024,121.209999
8/14/2024,120.589996
8/13/2024,120.089996
8/12/2024,122.540001
8/9/2024,123.389999
8/8/2024,119.989998
8/7/2024,120.529999
8/6/2024,124.760002
8/5/2024,125.570000
8/2/2024,123.989998
8/1/2024,121.029999
7/31/2024,121.959999
7/30/2024,119.980003
7/29/2024,121.089996
7/26/2024,116.360001
7/25/2024,121.419998
7/24/2024,120.129997
7/23/2024,122.059998
7/22/2024,125.120003
7/19/2024,127.790001
7/18/2024,121.260002
7/17/2024,120.989998
7/16/2024,125.349998
7/15/2024,125.860001
7/12/2024,126.000000
7/11/2024,129.869995
7/10/2024,129.710007
7/9/2024,130.839996
7/8/2024,133.190002
7/5/2024,135.369995
7/3/2024,135.130005
7/2/2024,135.389999
7/1/2024,136.009995
6/28/2024,136.910004
6/27/2024,136.759995
6/26/2024,137.389999
6/25/2024,133.940002
6/24/2024,134.990005
6/21/2024,134.139999
6/20/2024,131.960007
6/18/2024,137.089996
6/17/2024,142.059998
6/14/2024,143.160004
6/13/2024,142.919998
6/12/2024,139.070007
6/11/2024,136.869995
6/10/2024,132.029999
6/7/2024,127.830002
6/6/2024,127.139999
6/5/2024,128.910004
6/4/2024,130.889999
6/3/2024,128.800003
5/31/2024,128.979996
5/30/2024,132.050003
5/29/2024,130.919998
5/28/2024,126.599998
5/24/2024,131.009995
5/23/2024,129.410004
5/22/2024,132.690002
5/21/2024,133.720001
5/20/2024,134.869995
5/17/2024,136.690002
5/16/2024,131.970001
5/15/2024,130.960007
5/14/2024,131.880005
5/13/2024,128.229996
5/10/2024,126.660004
5/9/2024,128.699997
5/8/2024,127.809998
5/7/2024,127.879997
5/6/2024,121.779999
5/3/2024,122.410004
5/2/2024,123.239998
5/1/2024,121.779999
4/30/2024,124.379997
4/29/2024,123.750000
4/26/2024,122.250000
4/25/2024,122.940002
4/24/2024,123.080002
4/23/2024,122.720001
4/22/2024,119.050003
4/19/2024,116.589996
4/18/2024,116.029999
4/17/2024,115.169998
4/16/2024,113.849998
4/15/2024,117.339996
4/12/2024,118.639999
4/11/2024,118.029999
4/10/2024,119.389999
4/9/2024,120.300003
4/8/2024,119.260002
4/5/2024,119.209999
4/4/2024,119.489998
4/3/2024,115.970001
4/2/2024,116.320000
4/1/2024,118.690002
3/28/2024,119.029999
3/27/2024,114.949997
3/26/2024,110.440002
3/25/2024,108.769997
3/22/2024,108.860001
3/21/2024,115.320000
3/20/2024,111.199997
3/19/2024,116.599998
3/18/2024,115.050003
3/15/2024,115.040001
3/14/2024,115.750000
3/13/2024,116.870003
3/12/2024,117.510002
3/11/2024,115.980003
3/8/2024,119.019997
3/7/2024,120.709999
3/6/2024,121.190002
3/5/2024,121.099998
3/4/2024,124.400002
3/1/2024,116.970001
2/29/2024,114.970001
2/28/2024,115.080002
2/27/2024,113.160004
2/26/2024,116.500000
2/23/2024,113.019997
2/22/2024,116.790001
2/21/2024,115.809998
2/20/2024,114.089996
2/16/2024,114.959999
2/15/2024,112.279999
2/14/2024,108.220001
2/13/2024,107.120003
2/12/2024,111.809998
2/9/2024,110.080002
2/8/2024,106.839996
2/7/2024,110.339996
2/6/2024,112.129997
2/5/2024,115.540001
2/2/2024,115.360001
2/1/2024,112.000000
1/31/2024,113.489998
1/30/2024,117.320000
1/29/2024,112.820000
1/26/2024,120.959999
1/25/2024,120.879997
1/24/2024,131.399994
1/23/2024,134.179993
1/22/2024,129.039993
1/19/2024,124.807503
1/18/2024,125.010002
1/17/2024,126.522499
1/16/2024,124.824997
1/12/2024,125.857498
1/11/2024,124.370003
1/10/2024,118.275002
1/9/2024,115.707497
1/8/2024,115.562500
1/5/2024,114.607498
1/4/2024,114.907501
1/3/2024,115.010002
1/2/2024,113.010002
12/29/2023,109.375000
12/28/2023,112.727501
12/27/2023,111.112503
12/26/2023,113.902496
12/22/2023,110.062500
12/21/2023,109.665001
12/20/2023,108.937500
12/19/2023,106.260002
12/18/2023,96.190002
12/15/2023,95.040001
12/14/2023,93.252502
12/13/2023,94.809998
12/12/2023,92.614998
12/11/2023,92.845001
12/8/2023,97.272499
12/7/2023,97.000000
12/6/2023,98.357498
12/5/2023,96.327499
12/4/2023,96.522499
12/1/2023,97.724998
11/30/2023,97.057503
11/29/2023,95.477501
11/28/2023,95.919998
11/27/2023,95.752502
11/24/2023,95.342499
11/22/2023,93.172501
11/21/2023,93.462502
11/20/2023,91.027496
11/17/2023,91.027496
11/16/2023,91.199997
11/15/2023,90.445000
11/14/2023,88.407501
11/13/2023,91.209999
11/9/2023,90.014999
11/8/2023,91.632500
11/7/2023,89.717499
11/6/2023,87.430000
11/3/2023,87.932503
11/2/2023,87.897499
11/1/2023,88.019997
10/31/2023,85.747498
10/30/2023,84.699997
10/27/2023,83.974998
10/26/2023,88.209999
10/25/2023,85.997498
10/24/2023,83.364998
10/23/2023,82.875000
10/20/2023,80.580002
10/19/2023,81.279999
10/18/2023,80.834999
10/17/2023,80.462502
10/16/2023,79.485001
10/13/2023,79.562500
10/12/2023,79.527496
10/11/2023,79.182503
10/10/2023,79.722504
10/6/2023,79.212502
10/5/2023,79.807503
10/4/2023,78.285004
10/3/2023,78.739998
10/2/2023,76.927498
9/29/2023,77.385002
9/28/2023,76.912498
9/27/2023,77.852501
9/26/2023,78.752502
9/25/2023,77.532501
9/22/2023,75.934998
9/21/2023,75.157501
9/20/2023,74.389999
9/19/2023,73.290001
9/18/2023,72.267502
9/15/2023,73.449997
9/14/2023,71.932503
9/13/2023,69.644997
9/12/2023,70.792503
9/11/2023,70.742500
9/8/2023,68.757500
9/7/2023,69.025002
9/6/2023,67.092499
9/5/2023,69.232498
9/1/2023,70.699997
8/31/2023,71.672501
8/30/2023,71.107498
8/29/2023,71.762497
8/28/2023,68.312500
8/25/2023,66.997498
8/24/2023,66.517502
8/23/2023,64.857498
8/22/2023,65.617500
8/21/2023,60.352501
8/18/2023,61.232498
8/17/2023,60.227501
8/16/2023,63.572498
8/15/2023,63.702499
8/14/2023,61.935001
8/11/2023,64.610001
8/10/2023,61.380001
8/9/2023,61.720001
8/8/2023,56.092499
8/7/2023,57.310001
8/4/2023,61.195000
8/3/2023,61.667500
8/2/2023,63.215000
8/1/2023,60.552502
7/31/2023,69.492500
7/28/2023,62.057499
7/27/2023,68.857498
7/26/2023,71.334999
7/25/2023,66.542503
7/24/2023,72.257500
7/21/2023,73.230003
7/20/2023,75.684998
7/19/2023,72.330002
7/18/2023,74.702499
7/17/2023,68.339996
7/14/2023,68.379997
7/13/2023,73.162498
7/12/2023,72.019997
7/11/2023,74.544998
7/10/2023,78.262497
7/7/2023,80.074997
7/6/2023,80.904999
7/5/2023,79.750000
7/3/2023,81.237503
6/30/2023,81.217499
6/29/2023,81.800003
6/28/2023,79.902496
6/27/2023,80.387497
6/26/2023,80.007500
6/23/2023,81.302498
6/22/2023,80.362503
6/21/2023,79.712502
6/20/2023,77.165001
6/16/2023,77.377502
6/15/2023,80.967499
6/14/2023,81.084999
6/13/2023,79.422501
6/12/2023,77.237503
6/9/2023,79.577499
6/8/2023,79.807503
6/7/2023,79.425003
6/6/2023,79.142502
6/5/2023,79.682503
6/2/2023,78.809998
6/1/2023,77.834999
5/31/2023,78.169998
5/30/2023,79.239998
5/26/2023,77.582497
5/25/2023,77.407501
5/24/2023,75.797501
5/23/2023,74.597504
5/22/2023,74.949997
5/19/2023,74.357498
5/18/2023,75.087502
5/17/2023,73.412498
5/16/2023,72.879997
5/15/2023,72.449997
5/12/2023,72.477501
5/11/2023,71.067497
5/10/2023,71.000000
5/9/2023,69.860001
5/8/2023,70.004997
5/5/2023,69.934998
5/4/2023,70.102501
5/3/2023,69.964996
5/2/2023,68.787498
5/1/2023,67.864998
4/28/2023,67.692497
4/27/2023,67.120003
4/26/2023,66.730003
4/25/2023,67.677498
4/24/2023,66.394997
4/21/2023,65.434998
4/20/2023,64.862503
4/19/2023,66.040001
4/18/2023,66.812500
4/17/2023,66.959999
4/14/2023,66.072502
4/13/2023,66.592499
4/12/2023,65.445000
4/11/2023,65.502502
4/10/2023,65.797501
4/6/2023,66.572502
4/5/2023,66.775002
4/4/2023,66.440002
4/3/2023,65.660004
3/31/2023,66.117500
3/30/2023,65.489998
3/29/2023,65.550003
3/28/2023,65.035004
3/27/2023,64.857498
3/24/2023,64.309998
3/23/2023,64.282501
3/22/2023,64.375000
3/21/2023,63.955002
3/20/2023,62.189999
3/17/2023,60.814999
3/16/2023,60.822498
3/15/2023,62.262501
3/14/2023,61.645000
3/13/2023,60.895000
3/10/2023,60.794998
3/9/2023,59.990002
3/8/2023,60.127499
3/7/2023,59.102501
3/6/2023,58.820000
3/3/2023,58.592499
3/2/2023,58.830002
3/1/2023,58.967499
2/28/2023,59.052502
2/27/2023,57.522499
2/24/2023,56.757500
2/23/2023,56.099998
2/22/2023,56.764999
2/21/2023,56.752499
2/17/2023,55.205002
2/16/2023,54.740002
2/15/2023,56.147499
2/14/2023,55.992500
2/13/2023,54.705002
2/10/2023,54.972500
2/9/2023,55.257500
2/8/2023,54.419998
2/7/2023,54.680000
2/6/2023,54.432499
2/3/2023,55.240002
2/2/2023,55.692501
2/1/2023,55.174999
1/31/2023,54.974998
1/30/2023,54.687500
1/27/2023,55.772499
1/26/2023,55.897499
1/25/2023,54.174999
1/24/2023,53.542500
1/23/2023,53.314999
1/20/2023,53.320000
1/19/2023,52.297501
1/18/2023,51.424999
1/17/2023,52.185001
1/13/2023,52.252499
1/12/2023,51.382500
1/11/2023,51.040001
1/10/2023,51.622501
1/9/2023,50.660000
1/6/2023,53.115002
1/5/2023,53.160000
1/4/2023,52.590000
1/3/2023,52.587502
12/30/2022,51.625000
12/29/2022,50.435001
12/28/2022,50.687500
12/27/2022,52.242500
12/23/2022,50.119999
12/22/2022,50.247501
12/21/2022,50.857498
12/20/2022,49.759998
12/19/2022,49.250000
12/16/2022,48.334999
12/15/2022,51.005001
12/14/2022,52.107498
12/13/2022,53.259998
12/12/2022,52.195000
12/9/2022,52.419998
12/8/2022,51.935001
12/7/2022,51.755001
12/6/2022,52.167500
12/5/2022,52.209999
12/2/2022,51.805000
12/1/2022,50.647499
11/30/2022,51.415001
11/29/2022,50.837502
11/28/2022,51.125000
11/25/2022,51.302502
11/23/2022,50.825001
11/22/2022,50.437500
11/21/2022,50.807499
11/18/2022,50.310001
11/17/2022,50.005001
11/16/2022,51.057499
11/15/2022,51.102501
11/14/2022,50.682499
11/10/2022,50.387501
11/9/2022,49.480000
11/8/2022,49.935001
11/7/2022,49.950001
11/4/2022,48.892502
11/3/2022,49.645000
11/2/2022,49.695000
11/1/2022,49.865002
10/31/2022,49.467499
10/28/2022,49.612499
10/27/2022,48.472500
10/26/2022,48.185001
10/25/2022,48.537498
10/24/2022,48.547501
10/21/2022,48.702499
10/20/2022,48.145000
10/19/2022,47.537498
10/18/2022,46.305000
10/17/2022,45.634998
10/14/2022,44.910000
10/13/2022,43.325001
10/12/2022,43.767502
10/11/2022,44.575001
10/7/2022,44.345001
10/6/2022,44.557499
10/5/2022,44.742500
10/4/2022,44.915001
10/3/2022,45.695000
9/30/2022,46.650002
9/29/2022,45.772499
9/28/2022,47.250000
9/27/2022,47.520000
9/26/2022,47.730000
9/23/2022,47.165001
9/22/2022,46.430000
9/21/2022,49.294998
9/20/2022,50.180000
9/19/2022,50.724998
9/16/2022,50.715000
9/15/2022,52.119999
9/14/2022,52.937500
9/13/2022,52.287498
9/12/2022,52.630001
9/9/2022,50.167500
9/8/2022,51.152500
9/7/2022,51.075001
9/6/2022,51.320000
9/2/2022,51.790001
9/1/2022,51.869999
8/31/2022,51.132500
8/30/2022,50.965000
8/29/2022,50.782501
8/26/2022,49.812500
8/25/2022,49.807499
8/24/2022,49.717499
8/23/2022,49.737499
8/22/2022,50.154999
8/19/2022,49.875000
8/18/2022,50.025002
8/17/2022,49.250000
8/16/2022,48.922501
8/15/2022,48.837502
8/12/2022,48.505001
8/11/2022,47.810001
8/10/2022,47.487499
8/9/2022,47.180000
8/8/2022,47.117500
8/5/2022,46.697498
8/4/2022,47.185001
8/3/2022,47.762501
8/2/2022,48.772499
8/1/2022,47.040001
7/29/2022,46.632500
7/28/2022,47.005001
7/27/2022,46.529999
7/26/2022,45.932499
7/25/2022,45.427502
7/22/2022,45.227501
7/21/2022,44.724998
7/20/2022,43.227501
7/19/2022,43.125000
7/18/2022,43.630001
7/15/2022,43.882500
7/14/2022,43.962502
7/13/2022,43.742500
7/12/2022,43.287498
7/11/2022,43.717499
7/8/2022,43.582500
7/7/2022,43.557499
7/6/2022,43.242500
7/5/2022,42.764999
7/1/2022,43.007500
6/30/2022,42.732498
6/29/2022,42.605000
6/28/2022,42.700001
6/27/2022,42.544998
6/24/2022,42.722500
6/23/2022,42.357498
6/22/2022,42.602501
6/21/2022,42.735001
6/17/2022,43.560001
6/16/2022,43.544998
6/15/2022,42.812500
6/14/2022,41.630001
6/13/2022,41.610001
6/10/2022,41.312500
6/9/2022,38.669998
6/8/2022,39.075001
6/7/2022,39.439999
6/6/2022,38.174999
6/3/2022,38.480000
6/2/2022,38.325001
6/1/2022,39.205002
5/31/2022,38.965000
5/27/2022,38.735001
5/26/2022,38.267502
5/25/2022,37.500000
5/24/2022,38.072498
5/23/2022,38.450001
5/20/2022,38.327499
5/19/2022,37.687500
5/18/2022,36.982498
5/17/2022,37.064999
5/16/2022,35.547501
5/13/2022,39.480000
5/12/2022,39.435001
5/11/2022,39.057499
5/10/2022,39.037498
5/9/2022,39.292500
5/6/2022,36.707500
5/5/2022,37.682499
5/4/2022,39.207500
5/3/2022,40.222500
5/2/2022,41.517502
4/29/2022,40.985001
4/28/2022,41.369999
4/27/2022,42.737499
4/26/2022,42.275002
4/25/2022,42.157501
4/22/2022,42.400002
4/21/2022,42.122501
4/20/2022,43.680000
4/19/2022,44.172501
4/18/2022,46.205002
4/14/2022,44.645000
4/13/2022,44.887501
4/12/2022,45.235001
4/11/2022,43.560001
4/8/2022,43.654999
4/7/2022,43.072498
4/6/2022,44.195000
4/5/2022,44.244999
4/4/2022,46.465000
4/1/2022,48.382500
3/31/2022,47.852501
3/30/2022,46.700001
3/29/2022,48.057499
3/28/2022,48.542500
3/25/2022,51.117500
3/24/2022,52.122501
3/23/2022,52.487499
3/22/2022,50.942501
3/21/2022,50.397499
3/18/2022,51.869999
3/17/2022,55.555000
3/16/2022,54.715000
3/15/2022,53.325001
3/14/2022,53.060001
3/11/2022,54.075001
3/10/2022,54.950001
3/9/2022,53.772499
3/8/2022,55.682499
3/7/2022,55.162498
3/4/2022,54.827499
3/3/2022,54.005001
3/2/2022,55.297501
3/1/2022,55.537498
2/28/2022,54.340000
2/25/2022,55.527500
2/24/2022,53.612499
2/23/2022,54.090000
2/22/2022,56.717499
2/18/2022,55.942501
2/17/2022,56.072498
2/16/2022,56.997501
2/15/2022,58.017502
2/14/2022,57.320000
2/11/2022,56.814999
2/10/2022,56.435001
2/9/2022,56.237499
2/8/2022,55.105000
2/7/2022,55.547501
2/4/2022,55.197498
2/3/2022,54.415001
2/2/2022,55.007500
2/1/2022,54.592499
1/31/2022,54.560001
1/28/2022,54.470001
1/27/2022,55.959999
1/26/2022,56.602501
1/25/2022,55.267502
1/24/2022,55.962502
1/21/2022,54.582500
1/20/2022,55.325001
1/19/2022,55.775002
1/18/2022,56.717499
1/14/2022,57.090000
1/13/2022,56.907501
1/12/2022,56.257500
1/11/2022,55.744999
1/10/2022,54.924999
1/7/2022,54.485001
1/6/2022,54.040001
1/5/2022,53.872501
1/4/2022,53.762501
1/3/2022,53.759998
12/30/2021,53.865002
12/29/2021,54.395000
12/28/2021,53.330002
12/27/2021,52.560001
12/23/2021,52.437500
12/22/2021,52.217499
12/21/2021,51.882500
12/20/2021,52.220001
12/17/2021,51.812500
12/16/2021,51.777500
12/15/2021,52.267502
12/14/2021,51.997501
12/13/2021,51.847500
12/10/2021,50.375000
12/9/2021,47.572498
12/8/2021,47.477501
12/7/2021,47.744999
12/6/2021,48.552502
12/3/2021,48.705002
12/2/2021,48.250000
12/1/2021,47.902500
11/30/2021,47.860001
11/29/2021,47.970001
11/26/2021,47.599998
11/24/2021,47.862499
11/23/2021,47.727501
11/22/2021,47.832500
11/19/2021,47.757500
11/18/2021,46.970001
11/17/2021,47.587502
11/16/2021,47.645000
11/15/2021,46.992500
11/12/2021,46.349998
11/10/2021,45.980000
11/9/2021,46.794998
11/8/2021,46.277500
11/5/2021,46.375000
11/4/2021,46.040001
11/3/2021,46.107498
11/2/2021,45.542500
11/1/2021,46.230000
10/29/2021,46.365002
10/28/2021,46.625000
10/27/2021,46.422501
10/26/2021,47.185001
10/25/2021,47.209999
10/22/2021,47.700001
10/21/2021,47.674999
10/20/2021,48.070000
10/19/2021,47.807499
10/18/2021,47.924999
10/15/2021,48.365002
10/14/2021,48.494999
10/13/2021,48.327499
10/12/2021,47.957500
10/8/2021,47.560001
10/7/2021,46.717499
10/6/2021,46.875000
10/5/2021,46.974998
10/4/2021,47.145000
10/1/2021,47.037498
9/30/2021,47.090000
9/29/2021,46.790001
9/28/2021,46.907501
9/27/2021,46.577499
9/24/2021,46.747501
9/23/2021,47.044998
9/22/2021,46.610001
9/21/2021,47.037498
9/20/2021,47.147499
9/17/2021,47.509998
9/16/2021,46.840000
9/15/2021,46.512501
9/14/2021,46.290001
9/13/2021,45.957500
9/10/2021,44.222500
9/9/2021,44.142502
9/8/2021,42.275002
9/7/2021,41.314999
9/3/2021,40.580002
9/2/2021,41.055000
9/1/2021,40.912498
8/31/2021,40.735001
8/30/2021,41.310001
8/27/2021,41.430000
8/26/2021,43.200001
8/25/2021,44.459999
8/24/2021,44.560001
8/23/2021,43.955002
8/20/2021,43.682499
8/19/2021,43.535000
8/18/2021,43.110001
8/17/2021,43.312500
8/16/2021,42.512501
8/13/2021,42.095001
8/12/2021,43.200001
8/11/2021,42.902500
8/10/2021,42.097500
8/9/2021,41.669998
8/6/2021,41.945000
8/5/2021,41.619999
8/4/2021,42.084999
8/3/2021,43.192501
8/2/2021,41.235001
7/30/2021,42.212502
7/29/2021,42.817501
7/28/2021,43.810001
7/27/2021,43.825001
7/26/2021,44.505001
7/23/2021,44.662498
7/22/2021,44.610001
7/21/2021,44.992500
7/20/2021,45.430000
7/19/2021,44.994999
7/16/2021,44.235001
7/15/2021,43.757500
7/14/2021,44.167500
7/13/2021,44.205002
7/12/2021,44.052502
7/9/2021,43.750000
7/8/2021,44.529999
7/7/2021,44.597500
7/6/2021,44.742500
7/2/2021,43.875000
7/1/2021,43.125000
6/30/2021,42.767502
6/29/2021,42.962502
6/28/2021,43.107498
6/25/2021,43.247501
6/24/2021,41.842499
6/23/2021,41.084999
6/22/2021,40.677502
6/21/2021,39.102501
6/17/2021,38.787498
6/16/2021,39.884998
6/15/2021,40.757500
6/14/2021,39.122501
6/11/2021,40.125000
6/10/2021,41.945000
6/9/2021,41.857498
6/8/2021,41.742500
6/7/2021,41.990002
6/4/2021,42.877499
6/3/2021,42.777500
6/2/2021,43.555000
6/1/2021,44.259998
5/28/2021,44.250000
5/27/2021,44.615002
5/26/2021,44.814999
5/25/2021,44.775002
5/24/2021,44.047501
5/21/2021,44.272499
5/20/2021,43.820000
5/19/2021,43.572498
5/18/2021,43.582500
5/17/2021,43.587502
5/14/2021,43.750000
5/13/2021,43.257500
5/12/2021,43.057499
5/11/2021,43.064999
5/10/2021,42.307499
5/7/2021,42.770000
5/6/2021,42.650002
5/5/2021,42.642502
5/4/2021,43.752499
5/3/2021,43.752499
4/30/2021,43.587502
4/29/2021,43.634998
4/28/2021,44.105000
4/27/2021,43.492500
4/26/2021,43.055000
4/23/2021,43.067501
4/22/2021,42.924999
4/21/2021,43.167500
4/20/2021,42.342499
4/19/2021,42.330002
4/16/2021,42.252499
4/15/2021,42.410000
4/14/2021,42.450001
4/13/2021,42.762501
4/12/2021,42.962502
4/9/2021,42.369999
4/8/2021,43.267502
4/7/2021,43.522499
4/6/2021,43.742500
4/5/2021,43.740002
4/1/2021,43.285000
3/31/2021,42.494999
3/30/2021,42.537498
3/29/2021,42.775002
3/26/2021,42.270000
3/25/2021,42.834999
3/24/2021,43.492500
3/23/2021,43.667500
3/22/2021,43.970001
3/19/2021,44.060001
3/18/2021,43.702499
3/17/2021,43.562500
3/16/2021,43.125000
3/15/2021,42.027500
3/12/2021,41.722500
3/11/2021,42.259998
3/10/2021,41.680000
3/9/2021,40.762501
3/8/2021,39.352501
3/5/2021,39.102501
3/4/2021,39.275002
3/3/2021,39.042500
3/2/2021,39.062500
3/1/2021,38.994999
2/26/2021,39.939999
2/25/2021,40.117500
2/24/2021,39.970001
2/23/2021,39.247501
2/22/2021,39.000000
2/19/2021,39.137501
2/18/2021,38.974998
2/17/2021,38.959999
2/16/2021,38.825001
2/12/2021,38.847500
2/11/2021,38.369999
2/10/2021,38.619999
2/9/2021,38.452499
2/8/2021,38.529999
2/5/2021,38.320000
2/4/2021,38.557499
2/3/2021,38.285000
2/2/2021,37.637501
2/1/2021,37.972500
1/29/2021,38.347500
1/28/2021,39.017502
1/27/2021,39.682499
1/26/2021,39.667500
1/25/2021,39.970001
1/22/2021,39.570000
1/21/2021,39.912498
1/20/2021,40.215000
1/19/2021,40.375000
1/15/2021,39.657501
1/14/2021,40.314999
1/13/2021,40.477501
1/12/2021,40.520000
1/11/2021,41.012501
1/8/2021,41.000000
1/7/2021,40.837502
1/6/2021,40.727501
1/5/2021,40.367500
1/4/2021,39.965000
12/31/2020,39.817501
12/30/2020,39.994999
12/29/2020,39.945000
12/28/2020,39.302502
12/24/2020,39.375000
12/23/2020,39.465000
12/22/2020,40.237499
12/21/2020,40.400002
12/18/2020,39.962502
12/17/2020,39.369999
12/16/2020,38.830002
12/15/2020,40.264999
12/14/2020,40.020000
12/11/2020,39.702499
12/10/2020,39.097500
12/9/2020,38.892502
12/8/2020,39.285000
12/7/2020,37.512501
12/4/2020,37.182499
12/3/2020,37.375000
12/2/2020,37.639999
12/1/2020,38.365002
11/30/2020,38.185001
11/27/2020,38.022499
11/25/2020,37.567501
11/24/2020,37.584999
11/23/2020,37.755001
11/20/2020,37.520000
11/19/2020,37.389999
11/18/2020,37.259998
11/17/2020,36.942501
11/16/2020,36.435001
11/13/2020,36.382500
11/12/2020,36.264999
11/10/2020,36.044998
11/9/2020,35.682499
11/6/2020,36.022499
11/5/2020,35.875000
11/4/2020,36.005001
11/3/2020,35.919998
11/2/2020,36.457500
10/30/2020,35.932499
10/29/2020,36.455002
10/28/2020,36.570000
10/27/2020,36.407501
10/26/2020,36.467499
10/23/2020,36.252499
10/22/2020,36.584999
10/21/2020,35.567501
10/20/2020,36.072498
10/19/2020,36.290001
10/16/2020,36.647499
10/15/2020,36.355000
10/14/2020,37.244999
10/13/2020,38.747501
10/9/2020,38.842499
10/8/2020,38.612499
10/7/2020,38.482498
10/6/2020,38.862499
10/5/2020,38.294998
10/2/2020,38.189999
10/1/2020,38.417500
9/30/2020,38.402500
9/29/2020,38.467499
9/28/2020,38.334999
9/25/2020,38.450001
9/24/2020,38.497501
9/23/2020,38.264999
9/22/2020,38.134998
9/21/2020,37.562500
9/18/2020,38.867500
9/17/2020,38.924999
9/16/2020,39.025002
9/15/2020,38.487499
9/14/2020,38.314999
9/11/2020,38.497501
9/10/2020,38.252499
9/9/2020,37.240002
9/8/2020,36.632500
9/4/2020,36.764999
9/3/2020,36.877499
9/2/2020,36.645000
9/1/2020,35.912498
8/31/2020,35.947498
8/28/2020,35.919998
8/27/2020,36.132500
8/26/2020,35.910000
8/25/2020,35.567501
8/24/2020,35.610001
8/21/2020,35.169998
8/20/2020,35.299999
8/19/2020,35.457500
8/18/2020,35.262501
8/17/2020,35.450001
8/14/2020,35.407501
8/13/2020,35.792500
8/12/2020,35.834999
8/11/2020,35.915001
8/10/2020,36.005001
8/7/2020,36.192501
8/6/2020,35.924999
8/5/2020,35.915001
8/4/2020,35.982498
8/3/2020,36.029999
7/31/2020,35.950001
7/30/2020,35.220001
7/29/2020,35.160000
7/28/2020,35.230000
7/27/2020,35.355000
7/24/2020,34.959999
7/23/2020,35.365002
7/22/2020,34.997501
7/21/2020,35.172501
7/20/2020,35.115002
7/17/2020,34.747501
7/16/2020,34.799999
7/15/2020,34.785000
7/14/2020,34.669998
7/13/2020,34.750000
7/10/2020,34.880001
7/9/2020,34.834999
7/8/2020,34.945000
7/7/2020,34.740002
7/6/2020,34.947498
7/2/2020,34.247501
7/1/2020,34.232498
6/30/2020,34.165001
6/29/2020,34.132500
6/26/2020,34.277500
6/25/2020,34.174999
6/24/2020,33.930000
6/23/2020,33.837502
6/22/2020,33.877499
6/19/2020,33.755001
6/18/2020,33.322498
6/17/2020,33.029999
6/16/2020,33.105000
6/15/2020,33.009998
6/12/2020,32.882500
6/11/2020,32.572498
6/10/2020,32.270000
6/9/2020,32.132500
6/8/2020,32.187500
6/5/2020,30.337500
6/4/2020,30.407499
6/3/2020,30.487499
6/2/2020,30.485001
6/1/2020,30.469999
5/29/2020,29.992500
5/28/2020,30.020000
5/27/2020,30.000000
5/26/2020,29.945000
5/22/2020,29.997499
5/21/2020,30.000000
5/20/2020,29.760000
5/19/2020,29.812500
5/18/2020,29.937500
5/15/2020,29.777500
5/14/2020,29.747499
5/13/2020,29.477501
5/12/2020,29.152500
5/11/2020,29.004999
5/8/2020,29.037500
5/7/2020,28.955000
5/6/2020,29.182501
5/5/2020,29.190001
5/4/2020,29.315001
5/1/2020,29.129999
4/30/2020,29.072500
4/29/2020,29.264999
4/28/2020,29.237499
4/27/2020,29.160000
4/24/2020,28.992500
4/23/2020,28.955000
4/22/2020,28.797501
4/21/2020,28.797501
4/20/2020,28.325001
4/17/2020,28.487499
4/16/2020,28.030001
4/15/2020,27.757500
4/14/2020,27.487499
4/13/2020,27.277500
4/9/2020,27.475000
4/8/2020,27.372499
4/7/2020,27.629999
4/6/2020,27.865000
4/3/2020,27.892500
4/2/2020,27.947500
4/1/2020,27.807501
3/31/2020,27.950001
3/30/2020,27.932501
3/27/2020,27.514999
3/26/2020,27.487499
3/25/2020,27.497499
3/24/2020,26.777500
3/23/2020,26.427500
3/20/2020,27.107500
3/19/2020,26.947500
3/18/2020,27.719999
3/17/2020,27.764999
3/16/2020,27.602501
3/13/2020,27.209999
3/12/2020,27.457500
3/11/2020,27.897499
3/10/2020,27.872499
3/9/2020,28.385000
3/6/2020,28.430000
3/5/2020,28.620001
3/4/2020,28.897499
3/3/2020,29.562500
3/2/2020,29.412500
2/28/2020,29.150000
2/27/2020,29.264999
2/26/2020,29.280001
2/25/2020,29.367500
2/24/2020,29.387501
2/21/2020,29.407499
2/20/2020,29.245001
2/19/2020,29.334999
2/18/2020,29.075001
2/14/2020,29.012501
2/13/2020,28.514999
2/12/2020,28.472500
2/11/2020,28.262501
2/10/2020,28.250000
2/7/2020,28.129999
2/6/2020,28.262501
2/5/2020,28.045000
2/4/2020,28.487499
2/3/2020,28.272499
1/31/2020,28.219999
1/30/2020,28.177500
1/29/2020,28.655001
1/28/2020,28.387501
1/27/2020,28.392500
1/24/2020,28.395000
1/23/2020,28.730000
1/22/2020,28.892500
1/21/2020,27.942499
1/17/2020,26.987499
1/16/2020,26.360001
1/15/2020,25.782499
1/14/2020,26.379999
1/13/2020,27.090000
1/10/2020,26.924999
1/9/2020,26.932501
1/8/2020,26.682501
1/7/2020,26.525000
1/6/2020,26.500000
1/3/2020,26.705000
1/2/2020,26.735001
12/31/2019,26.892500
12/30/2019,27.007500
12/27/2019,27.212500
12/26/2019,27.127501
12/24/2019,27.340000
12/23/2019,27.270000
12/20/2019,27.305000
12/19/2019,27.344999
12/18/2019,27.370001
12/17/2019,27.045000
12/16/2019,26.982500
12/13/2019,27.000000
12/12/2019,27.202499
12/11/2019,27.092501
12/10/2019,26.870001
12/9/2019,26.467501
12/6/2019,26.447500
12/5/2019,26.120001
12/4/2019,26.512501
12/3/2019,26.052500
12/2/2019,26.084999
11/29/2019,25.737499
11/27/2019,24.167500
11/26/2019,24.334999
11/25/2019,24.665001
11/22/2019,24.857500
11/21/2019,24.990000
11/20/2019,24.967501
11/19/2019,24.957500
11/18/2019,24.695000
11/15/2019,24.697500
11/14/2019,24.217501
11/13/2019,24.355000
11/12/2019,24.245001
11/8/2019,24.170000
11/7/2019,23.985001
11/6/2019,23.882500
11/5/2019,23.747499
11/4/2019,23.972500
11/1/2019,23.900000
10/31/2019,23.600000
10/30/2019,23.397499
10/29/2019,23.010000
10/28/2019,23.350000
10/25/2019,24.025000
10/24/2019,23.887501
10/23/2019,23.977501
10/22/2019,23.775000
10/21/2019,23.832500
10/18/2019,24.387501
10/17/2019,24.285000
10/16/2019,24.365000
10/15/2019,24.334999
10/11/2019,24.707500
10/10/2019,24.912500
10/9/2019,24.735001
10/8/2019,24.757500
10/7/2019,24.657499
10/4/2019,24.480000
10/3/2019,24.430000
10/2/2019,24.615000
10/1/2019,24.965000
9/30/2019,25.087500
9/27/2019,25.102501
9/26/2019,24.905001
9/25/2019,24.475000
9/24/2019,24.107500
9/23/2019,23.805000
9/20/2019,23.549999
9/19/2019,23.639999
9/18/2019,23.372499
9/17/2019,23.469999
9/16/2019,22.629999
9/13/2019,22.584999
9/12/2019,23.127501
9/11/2019,23.355000
9/10/2019,23.197500
9/9/2019,23.180000
9/6/2019,23.309999
9/5/2019,23.547501
9/4/2019,23.795000
9/3/2019,23.410000
8/30/2019,23.434999
8/29/2019,23.707500
8/28/2019,24.455000
8/27/2019,26.087500
8/26/2019,26.270000
8/23/2019,26.420000
8/22/2019,26.492500
8/21/2019,26.782499
8/20/2019,26.727501
8/19/2019,26.870001
8/16/2019,27.462500
8/15/2019,28.025000
8/14/2019,28.010000
8/13/2019,27.610001
8/12/2019,27.254999
8/9/2019,27.165001
8/8/2019,27.135000
8/7/2019,27.740000
8/6/2019,27.452499
8/5/2019,27.780001
8/2/2019,27.497499
8/1/2019,27.247499
7/31/2019,27.389999
7/30/2019,26.920000
7/29/2019,26.297501
7/26/2019,26.417500
7/25/2019,26.532499
7/24/2019,26.680000
7/23/2019,26.477501
7/22/2019,26.480000
7/19/2019,26.450001
7/18/2019,26.492500
7/17/2019,26.145000
7/16/2019,25.629999
7/15/2019,25.565001
7/12/2019,25.292500
7/11/2019,25.280001
7/10/2019,25.257500
7/9/2019,25.467501
7/8/2019,25.752501
7/5/2019,25.375000
7/3/2019,25.187500
7/2/2019,25.132500
7/1/2019,24.172501
6/28/2019,24.227501
6/27/2019,24.190001
6/26/2019,24.025000
6/25/2019,23.672501
6/24/2019,24.219999
6/21/2019,24.010000
6/20/2019,24.065001
6/19/2019,24.530001
6/18/2019,24.160000
6/17/2019,23.497499
6/14/2019,23.424999
6/13/2019,23.567499
6/12/2019,23.747499
6/11/2019,23.752501
6/10/2019,23.504999
6/7/2019,24.150000
6/6/2019,24.087500
6/5/2019,23.620001
6/4/2019,24.107500
6/3/2019,24.334999
5/31/2019,23.522499
5/30/2019,23.355000
5/29/2019,24.997499
5/28/2019,24.860001
5/24/2019,25.355000
5/23/2019,24.075001
5/22/2019,24.197500
5/21/2019,24.165001
5/20/2019,24.282499
5/17/2019,24.879999
5/16/2019,24.347500
5/15/2019,24.990000
5/14/2019,24.632500
5/13/2019,24.240000
5/10/2019,24.112499
5/9/2019,25.174999
5/8/2019,25.677500
5/7/2019,26.337500
5/6/2019,26.315001
5/3/2019,26.830000
5/2/2019,27.184999
5/1/2019,26.705000
4/30/2019,27.007500
4/29/2019,27.152500
4/26/2019,26.807501
4/25/2019,26.832500
4/24/2019,26.507500
4/23/2019,27.245001
4/22/2019,27.834999
4/18/2019,27.622499
4/17/2019,28.120001
4/16/2019,28.295000
4/15/2019,29.042500
4/12/2019,28.905001
4/11/2019,29.557501
4/10/2019,29.570000
4/9/2019,29.757500
4/8/2019,28.799999
4/5/2019,29.070000
4/4/2019,29.334999
4/3/2019,29.575001
4/2/2019,29.452499
4/1/2019,29.507500
3/29/2019,29.719999
3/28/2019,29.437500
3/27/2019,29.825001
3/26/2019,29.695000
3/25/2019,29.322500
3/22/2019,28.422501
3/21/2019,28.545000
3/20/2019,28.084999
3/19/2019,28.930000
3/18/2019,29.027500
3/15/2019,29.192499
3/14/2019,30.142500
3/13/2019,30.264999
3/12/2019,30.230000
3/11/2019,30.500000
3/8/2019,30.642500
3/7/2019,30.295000
3/6/2019,29.875000
3/5/2019,30.132500
3/4/2019,29.817499
3/1/2019,28.637501
2/28/2019,28.820000
2/27/2019,29.770000
2/26/2019,28.875000
2/25/2019,28.440001
2/22/2019,28.442499
2/21/2019,27.932501
2/20/2019,27.760000
2/19/2019,27.965000
2/15/2019,27.552500
2/14/2019,27.947500
2/13/2019,27.900000
2/12/2019,28.030001
2/11/2019,27.375000
2/8/2019,27.695000
2/7/2019,27.827499
2/6/2019,27.695000
2/5/2019,27.594999
2/4/2019,27.395000
2/1/2019,27.575001
1/31/2019,27.264999
1/30/2019,28.110001
1/29/2019,28.677500
1/28/2019,28.750000
1/25/2019,28.580000
1/24/2019,28.350000
1/23/2019,28.802500
1/22/2019,28.362499
1/18/2019,28.480000
1/17/2019,29.102501
1/16/2019,29.070000
1/15/2019,28.827499
1/14/2019,28.552500
1/11/2019,28.142500
1/10/2019,27.537500
1/9/2019,28.077499
1/8/2019,27.317499
1/7/2019,27.592501
1/4/2019,28.084999
1/3/2019,26.930000
1/2/2019,28.190001
12/31/2018,28.322500
12/28/2018,28.230000
12/27/2018,27.422501
12/26/2018,25.934999
12/24/2018,25.780001
12/21/2018,26.440001
12/20/2018,28.162500
12/19/2018,28.752501
12/18/2018,29.125000
12/17/2018,29.290001
12/14/2018,28.990000
12/13/2018,28.787500
12/12/2018,28.809999
12/11/2018,28.372499
12/10/2018,29.930000
12/7/2018,28.879999
12/6/2018,28.782499
12/5/2018,28.850000
12/4/2018,28.660000
12/3/2018,29.610001
11/30/2018,30.325001
11/29/2018,30.592501
11/28/2018,30.747499
11/27/2018,30.844999
11/26/2018,30.692499
11/23/2018,31.125000
11/21/2018,31.290001
11/20/2018,31.305000
11/19/2018,32.687500
11/16/2018,33.017502
11/15/2018,32.404999
11/14/2018,32.127499
11/13/2018,31.705000
11/9/2018,31.402500
11/8/2018,31.415001
11/7/2018,30.820000
11/6/2018,30.017500
11/5/2018,30.642500
11/2/2018,31.422501
11/1/2018,31.500000
10/31/2018,31.610001
10/30/2018,31.650000
10/29/2018,31.357500
10/26/2018,31.132500
10/25/2018,31.687500
10/24/2018,31.875000
10/23/2018,32.027500
10/22/2018,31.757500
10/19/2018,31.902500
10/18/2018,31.650000
10/17/2018,31.969999
10/16/2018,31.825001
10/15/2018,31.900000
10/12/2018,31.730000
10/11/2018,31.792500
10/10/2018,32.147499
10/9/2018,32.220001
10/5/2018,31.855000
10/4/2018,31.950001
10/3/2018,32.162498
10/2/2018,32.340000
10/1/2018,32.529999
9/28/2018,32.490002
9/27/2018,32.634998
9/26/2018,32.570000
9/25/2018,32.945000
9/24/2018,33.009998
9/21/2018,32.404999
9/20/2018,33.134998
9/19/2018,32.847500
9/18/2018,32.514999
9/17/2018,32.517502
9/14/2018,32.547501
9/13/2018,32.192501
9/12/2018,32.237499
9/11/2018,31.502501
9/10/2018,31.467501
9/7/2018,31.580000
9/6/2018,31.905001
9/5/2018,31.315001
9/4/2018,31.252501
8/31/2018,31.450001
8/30/2018,32.174999
8/29/2018,32.237499
8/28/2018,31.287500
8/27/2018,32.160000
8/24/2018,32.639999
8/23/2018,33.162498
8/22/2018,32.570000
8/21/2018,32.417500
8/20/2018,32.154999
8/17/2018,31.727501
8/16/2018,31.900000
8/15/2018,31.187500
8/14/2018,31.542500
8/13/2018,31.695000
8/10/2018,31.575001
8/9/2018,31.712500
8/8/2018,31.775000
8/7/2018,31.639999
8/6/2018,31.400000
8/3/2018,31.502501
8/2/2018,31.837500
8/1/2018,31.330000
7/31/2018,31.062500
7/30/2018,31.107500
7/27/2018,31.592501
7/26/2018,30.812500
7/25/2018,31.059999
7/24/2018,30.844999
7/23/2018,31.672501
7/20/2018,31.802500
7/19/2018,31.475000
7/18/2018,31.875000
7/17/2018,32.117500
7/16/2018,31.760000
7/13/2018,31.237499
7/12/2018,30.897499
7/11/2018,31.112499
7/10/2018,30.559999
7/9/2018,31.127501
7/6/2018,31.785000
7/5/2018,31.650000
7/3/2018,31.602501
7/2/2018,32.134998
6/29/2018,32.340000
6/28/2018,32.272499
6/27/2018,32.115002
6/26/2018,32.605000
6/25/2018,32.197498
6/22/2018,33.042500
6/21/2018,33.250000
6/20/2018,32.375000
6/19/2018,32.112499
6/18/2018,32.180000
6/15/2018,31.957500
6/14/2018,31.770000
6/13/2018,31.615000
6/12/2018,31.219999
6/11/2018,30.504999
6/8/2018,29.930000
6/7/2018,29.732500
6/6/2018,29.985001
6/5/2018,29.889999
6/4/2018,29.662500
6/1/2018,29.657499
5/31/2018,29.290001
5/30/2018,29.725000
5/29/2018,28.827499
5/25/2018,27.285000
5/24/2018,28.275000
5/23/2018,28.245001
5/22/2018,28.100000
5/21/2018,27.387501
5/18/2018,27.180000
5/17/2018,26.497499
5/16/2018,26.705000
5/15/2018,27.450001
5/14/2018,27.555000
5/11/2018,27.312500
5/10/2018,28.002501
5/9/2018,27.972500
5/8/2018,26.937500
5/7/2018,26.565001
5/4/2018,26.562500
5/3/2018,27.332500
5/2/2018,27.594999
5/1/2018,28.129999
4/30/2018,28.477501
4/27/2018,28.497499
4/26/2018,28.002501
4/25/2018,28.135000
4/24/2018,28.235001
4/23/2018,27.945000
4/20/2018,28.162500
4/19/2018,27.352501
4/18/2018,26.687500
4/17/2018,27.057501
4/16/2018,27.432501
4/13/2018,27.905001
4/12/2018,27.987499
4/11/2018,28.530001
4/10/2018,28.100000
4/9/2018,28.750000
4/6/2018,28.872499
4/5/2018,28.982500
4/4/2018,28.657499
4/3/2018,28.767500
4/2/2018,29.732500
3/29/2018,29.750000
3/28/2018,29.400000
3/27/2018,29.657499
3/26/2018,29.117500
3/23/2018,29.077499
3/22/2018,28.667500
3/21/2018,28.867500
3/20/2018,28.497499
3/19/2018,28.545000
3/16/2018,28.205000
3/15/2018,27.812500
3/14/2018,27.424999
3/13/2018,27.207500
3/12/2018,27.252501
3/9/2018,27.174999
3/8/2018,27.215000
3/7/2018,27.150000
3/6/2018,27.350000
3/5/2018,27.000000
3/2/2018,26.745001
3/1/2018,26.834999
2/28/2018,26.684999
2/27/2018,26.277500
2/26/2018,26.305000
2/23/2018,26.207500
2/22/2018,25.747499
2/21/2018,25.617500
2/20/2018,24.940001
2/16/2018,24.417500
2/15/2018,24.065001
2/14/2018,24.385000
2/13/2018,24.687500
2/12/2018,24.952499
2/9/2018,25.182501
2/8/2018,25.254999
2/7/2018,25.200001
2/6/2018,24.687500
2/5/2018,24.905001
2/2/2018,24.905001
2/1/2018,24.975000
1/31/2018,24.795000
1/30/2018,25.187500
1/29/2018,25.027500
1/26/2018,25.187500
1/25/2018,24.467501
1/24/2018,25.437500
1/23/2018,25.660000
1/22/2018,25.264999
1/19/2018,25.240000
1/18/2018,25.447500
1/17/2018,25.395000
1/16/2018,25.215000
1/12/2018,25.407499
1/11/2018,25.415001
1/10/2018,25.357500
1/9/2018,25.250000
1/8/2018,24.497499
1/5/2018,24.590000
1/4/2018,24.742500
1/3/2018,24.530001
1/2/2018,24.735001
12/29/2017,25.825001
12/28/2017,25.625000
12/27/2017,25.562500
12/26/2017,25.532499
12/22/2017,25.222500
12/21/2017,25.385000
12/20/2017,25.330000
12/19/2017,25.145000
12/18/2017,25.142500
12/15/2017,25.132500
12/14/2017,24.790001
12/13/2017,24.495001
12/12/2017,24.375000
12/11/2017,24.309999
12/8/2017,23.992500
12/7/2017,23.997499
12/6/2017,23.684999
12/5/2017,23.620001
12/4/2017,23.740000
12/1/2017,23.780001
11/30/2017,23.897499
11/29/2017,24.032499
11/28/2017,23.900000
11/27/2017,24.537500
11/24/2017,24.594999
11/22/2017,24.754999
11/21/2017,24.417500
11/20/2017,24.257500
11/17/2017,24.297501
11/16/2017,23.680000
11/15/2017,23.485001
11/14/2017,23.607500
11/13/2017,23.272499
11/9/2017,23.695000
11/8/2017,23.830000
11/7/2017,24.112499
11/6/2017,23.805000
11/3/2017,23.760000
11/2/2017,23.847500
11/1/2017,23.837500
10/31/2017,23.992500
10/30/2017,23.507500
10/27/2017,23.370001
10/26/2017,23.379999
10/25/2017,23.232500
10/24/2017,22.995001
10/23/2017,22.725000
10/20/2017,22.590000
10/19/2017,22.570000
10/18/2017,22.707500
10/17/2017,22.727501
10/16/2017,22.965000
10/13/2017,23.045000
10/12/2017,23.020000
10/11/2017,23.049999
10/10/2017,22.820000
10/6/2017,23.072500
10/5/2017,23.465000
10/4/2017,23.562500
10/3/2017,23.424999
10/2/2017,23.056070
9/29/2017,23.119642
9/28/2017,23.029285
9/27/2017,22.769285
9/26/2017,22.451786
9/25/2017,22.607143
9/22/2017,22.692142
9/21/2017,22.286072
9/20/2017,22.343929
9/19/2017,21.933214
9/18/2017,21.688213
9/15/2017,21.653929
9/14/2017,21.596786
9/13/2017,21.592501
9/12/2017,21.339643
9/11/2017,21.029285
9/8/2017,21.209642
9/7/2017,21.205713
9/6/2017,21.172501
9/5/2017,20.912144
9/1/2017,20.999643
8/31/2017,21.154642
8/30/2017,21.228930
8/29/2017,21.462856
8/28/2017,21.163570
8/25/2017,21.124287
8/24/2017,21.074642
8/23/2017,21.154642
8/22/2017,21.217501
8/21/2017,20.426430
8/18/2017,20.277500
8/17/2017,18.741072
8/16/2017,18.989286
8/15/2017,18.970358
8/14/2017,18.747856
8/11/2017,18.536072
8/10/2017,18.498571
8/9/2017,18.631430
8/8/2017,18.557501
8/7/2017,18.695715
8/4/2017,18.940001
8/3/2017,18.694286
8/2/2017,18.695356
8/1/2017,18.993570
7/31/2017,19.242500
7/28/2017,19.376785
7/27/2017,19.344643
7/26/2017,19.169287
7/25/2017,19.173571
7/24/2017,19.195000
7/21/2017,19.277857
7/20/2017,19.463928
7/19/2017,19.256786
7/18/2017,19.031071
7/17/2017,18.882143
7/14/2017,18.973572
7/13/2017,18.978571
7/12/2017,18.812143
7/11/2017,18.738930
7/10/2017,18.951786
7/7/2017,19.164642
7/6/2017,19.146070
7/5/2017,18.961430
7/3/2017,18.944286
6/30/2017,18.955357
6/29/2017,19.012857
6/28/2017,18.972857
6/27/2017,18.848572
6/26/2017,18.794287
6/23/2017,18.845358
6/22/2017,18.476786
6/21/2017,18.645000
6/20/2017,18.841070
6/19/2017,18.758928
6/16/2017,18.969643
6/15/2017,19.191786
6/14/2017,19.499643
6/13/2017,19.428213
6/12/2017,19.443930
6/9/2017,19.139999
6/8/2017,19.141430
6/7/2017,18.892500
6/6/2017,18.559999
6/5/2017,18.303928
6/2/2017,18.306786
6/1/2017,18.171070
5/31/2017,17.911785
5/30/2017,17.878571
5/26/2017,17.849285
5/25/2017,17.883928
5/24/2017,18.089287
5/23/2017,19.660713
5/22/2017,19.502501
5/19/2017,19.863571
5/18/2017,19.696787
5/17/2017,19.609644
5/16/2017,19.309643
5/15/2017,19.794643
5/12/2017,19.905714
5/11/2017,19.513929
5/10/2017,19.133215
5/9/2017,19.033571
5/8/2017,19.161428
5/5/2017,19.409286
5/4/2017,19.287144
5/3/2017,19.426071
5/2/2017,19.320715
5/1/2017,19.754642
4/28/2017,20.036428
4/27/2017,19.804285
4/26/2017,20.003214
4/25/2017,20.139286
4/24/2017,20.273930
4/21/2017,20.360357
4/20/2017,19.607857
4/19/2017,19.445000
4/18/2017,19.670357
4/17/2017,19.821072
4/13/2017,19.910713
4/12/2017,19.801071
4/11/2017,20.019285
4/10/2017,20.048571
4/7/2017,20.198214
4/6/2017,20.229643
4/5/2017,20.000713
4/4/2017,20.282143
4/3/2017,20.178572
3/31/2017,20.225714
3/30/2017,19.686787
3/29/2017,19.859644
3/28/2017,19.498571
3/27/2017,19.049999
3/24/2017,18.705000
3/23/2017,18.564285
3/22/2017,18.612143
3/21/2017,18.392857
3/20/2017,18.555357
3/17/2017,18.522499
3/16/2017,18.749643
3/15/2017,18.862858
3/14/2017,18.593929
3/13/2017,18.571787
3/10/2017,18.537500
3/9/2017,18.591429
3/8/2017,18.303213
3/7/2017,18.604286
3/6/2017,18.766071
3/3/2017,18.812500
3/2/2017,18.572500
3/1/2017,18.667856
2/28/2017,18.746429
2/27/2017,18.452856
2/24/2017,18.924286
2/23/2017,18.784286
2/22/2017,18.996786
2/21/2017,18.748571
2/17/2017,18.566786
2/16/2017,18.620001
2/15/2017,18.174643
2/14/2017,18.017857
2/13/2017,17.896786
2/10/2017,17.809999
2/9/2017,17.715714
2/8/2017,17.600357
2/7/2017,17.487143
2/6/2017,17.378214
2/3/2017,17.176430
2/2/2017,17.419643
2/1/2017,17.251072
1/31/2017,17.264643
1/30/2017,17.484285
1/27/2017,17.427143
1/26/2017,17.026787
1/25/2017,17.241072
1/24/2017,17.365000
1/23/2017,17.197500
1/20/2017,17.467857
1/19/2017,17.522858
1/18/2017,16.693214
1/17/2017,16.867857
1/13/2017,16.595715
1/12/2017,16.261429
1/11/2017,16.075714
1/10/2017,16.603571
1/9/2017,16.881786
1/6/2017,16.703930
1/5/2017,17.665714
1/4/2017,18.077499
1/3/2017,17.793571
12/30/2016,17.688213
12/29/2016,17.810356
12/28/2016,17.449286
12/27/2016,17.400715
12/23/2016,17.560715
12/22/2016,17.532143
12/21/2016,17.449642
12/20/2016,17.963215
12/19/2016,17.893572
12/16/2016,17.962856
12/15/2016,17.941429
12/14/2016,17.895357
12/13/2016,18.133572
12/12/2016,17.940357
12/9/2016,17.782499
12/8/2016,17.803572
12/7/2016,17.484644
12/6/2016,16.691429
12/5/2016,16.230356
12/2/2016,16.464643
12/1/2016,16.606428
11/30/2016,16.616072
11/29/2016,16.766071
11/28/2016,16.519285
11/25/2016,16.309999
11/23/2016,16.161785
11/22/2016,16.190001
11/21/2016,15.992500
11/18/2016,15.749643
11/17/2016,15.660714
11/16/2016,15.732500
11/15/2016,14.963929
11/14/2016,15.225357
11/10/2016,15.176786
11/9/2016,15.420000
11/8/2016,15.368214
11/7/2016,15.364286
11/4/2016,15.265714
11/3/2016,15.232500
11/2/2016,15.260357
11/1/2016,15.026071
10/31/2016,15.083929
10/28/2016,14.823214
10/27/2016,14.907857
10/26/2016,15.028571
10/25/2016,14.946071
10/24/2016,14.615000
10/21/2016,14.161786
10/20/2016,14.063571
10/19/2016,14.216786
10/18/2016,14.379643
10/17/2016,14.376429
10/14/2016,14.767857
10/13/2016,14.887143
10/12/2016,15.107143
10/11/2016,15.420357
10/7/2016,15.428571
10/6/2016,15.358929
10/5/2016,15.570000
10/4/2016,15.435357
10/3/2016,15.628571
9/30/2016,15.674643
9/29/2016,15.778929
9/28/2016,15.659286
9/27/2016,15.896786
9/26/2016,16.046785
9/23/2016,16.097143
9/22/2016,16.061787
9/21/2016,16.127857
9/20/2016,15.891071
9/19/2016,15.765714
9/16/2016,15.898214
9/15/2016,15.790714
9/14/2016,15.762500
9/13/2016,15.702143
9/12/2016,15.818929
9/9/2016,15.473571
9/8/2016,15.520714
9/7/2016,15.316071
9/6/2016,15.852143
9/2/2016,16.240713
9/1/2016,16.177500
8/31/2016,16.313213
8/30/2016,16.565714
8/29/2016,16.380714
8/26/2016,16.453930
8/25/2016,16.070715
8/24/2016,15.911429
8/23/2016,15.688929
8/22/2016,15.813571
8/19/2016,15.361429
8/18/2016,14.900000
8/17/2016,14.585000
8/16/2016,14.480714
8/15/2016,14.504643
8/12/2016,14.238214
8/11/2016,13.947500
8/10/2016,14.001786
8/9/2016,14.385714
8/8/2016,15.222857
8/5/2016,14.994643
8/4/2016,15.350000
8/3/2016,15.511786
8/2/2016,15.560357
8/1/2016,15.249286
7/29/2016,15.221786
7/28/2016,15.114286
7/27/2016,15.275714
7/26/2016,15.428214
7/25/2016,15.349643
7/22/2016,15.318214
7/21/2016,15.809286
7/20/2016,16.145714
7/19/2016,16.469286
7/18/2016,16.556429
7/15/2016,16.496786
7/14/2016,16.168928
7/13/2016,16.145714
7/12/2016,16.231787
7/11/2016,16.275715
7/8/2016,15.845000
7/7/2016,15.446429
7/6/2016,15.298214
7/5/2016,15.301071
7/1/2016,15.638214
6/30/2016,15.418571
6/29/2016,15.377857
6/28/2016,15.202143
6/27/2016,15.397857
6/24/2016,15.001786
6/23/2016,15.373929
6/22/2016,15.764286
6/21/2016,15.877500
6/20/2016,16.034643
6/17/2016,15.814286
6/16/2016,16.100357
6/15/2016,15.930714
6/14/2016,16.030357
6/13/2016,16.428213
6/10/2016,16.434286
6/9/2016,16.663929
6/8/2016,16.678928
6/7/2016,16.710714
6/6/2016,17.140356
6/3/2016,16.963572
6/2/2016,16.722143
6/1/2016,16.333929
5/31/2016,16.351429
5/27/2016,15.797143
5/26/2016,16.200714
5/25/2016,16.267500
5/24/2016,16.315357
5/23/2016,16.366785
5/20/2016,16.065357
5/19/2016,15.710000
5/18/2016,16.089287
5/17/2016,18.357500
5/16/2016,18.027500
5/13/2016,17.857143
5/12/2016,17.952856
5/11/2016,18.074642
5/10/2016,17.354286
5/9/2016,17.919643
5/6/2016,18.582144
5/5/2016,18.696787
5/4/2016,18.467857
5/3/2016,18.761070
5/2/2016,18.710714
4/29/2016,18.821428
4/28/2016,19.360714
4/27/2016,19.608213
4/26/2016,19.006071
4/25/2016,18.199642
4/22/2016,18.395000
4/21/2016,18.321428
4/20/2016,18.577499
4/19/2016,18.547501
4/18/2016,18.633215
4/15/2016,18.796785
4/14/2016,19.067858
4/13/2016,18.529642
4/12/2016,18.206785
4/11/2016,18.917500
4/8/2016,19.250000
4/7/2016,19.335358
4/6/2016,18.922144
4/5/2016,19.044643
4/4/2016,19.544287
4/1/2016,19.242500
3/31/2016,20.566071
3/30/2016,20.935356
3/29/2016,20.902857
3/28/2016,21.048571
3/24/2016,20.819286
3/23/2016,20.885000
3/22/2016,21.054644
3/21/2016,20.410713
3/18/2016,20.060715
3/17/2016,20.032499
3/16/2016,20.204643
3/15/2016,18.845715
3/14/2016,18.772142
3/11/2016,19.174286
3/10/2016,19.389286
3/9/2016,19.386786
3/8/2016,19.537857
3/7/2016,19.205357
3/4/2016,19.928572
3/3/2016,20.816071
3/2/2016,20.879286
3/1/2016,20.600000
2/29/2016,21.305000
2/26/2016,21.261429
2/25/2016,21.571428
2/24/2016,21.769285
2/23/2016,22.029642
2/22/2016,21.905714
2/19/2016,22.643929
2/18/2016,21.780001
2/17/2016,22.594286
2/16/2016,23.021786
2/12/2016,23.206785
2/11/2016,22.670000
2/10/2016,22.489643
2/9/2016,22.432142
2/8/2016,22.889643
2/5/2016,22.708929
2/4/2016,22.791786
2/3/2016,23.306786
2/2/2016,23.814285
2/1/2016,23.980356
1/29/2016,23.618214
1/28/2016,23.549643
1/27/2016,23.825001
1/26/2016,24.332857
1/25/2016,23.756430
1/22/2016,24.055000
1/21/2016,24.671070
1/20/2016,25.003214
1/19/2016,24.953571
1/15/2016,25.075001
1/14/2016,25.068214
1/13/2016,24.992144
1/12/2016,24.688572
1/11/2016,24.392143
1/8/2016,23.921070
1/7/2016,23.592501
1/6/2016,23.669287
1/5/2016,24.301430
1/4/2016,24.152500
12/31/2015,23.936787
12/30/2015,24.106071
12/29/2015,23.758572
12/28/2015,23.709642
12/24/2015,24.052500
12/23/2015,24.100000
12/22/2015,24.131430
12/21/2015,23.686428
12/18/2015,23.665358
12/17/2015,23.888214
12/16/2015,23.430714
12/15/2015,23.755358
12/14/2015,23.146786
12/11/2015,22.726429
12/10/2015,22.529642
12/9/2015,22.560356
12/8/2015,22.500000
12/7/2015,22.203571
12/4/2015,22.168928
12/3/2015,22.137857
12/2/2015,22.175358
12/1/2015,22.233929
11/30/2015,21.989286
11/27/2015,21.706785
11/25/2015,21.671785
11/24/2015,21.812857
11/23/2015,21.251072
11/20/2015,20.898571
11/19/2015,20.531429
11/18/2015,20.534643
11/17/2015,21.461430
11/16/2015,21.565357
11/13/2015,21.582144
11/12/2015,21.940001
11/10/2015,21.652143
11/9/2015,21.676430
11/6/2015,21.675358
11/5/2015,21.606071
11/4/2015,21.389286
11/3/2015,21.586786
11/2/2015,21.721786
10/30/2015,21.924643
10/29/2015,21.638571
10/28/2015,21.783571
10/27/2015,21.407499
10/26/2015,21.161428
10/23/2015,20.857143
10/22/2015,20.323214
10/21/2015,20.517857
10/20/2015,20.429644
10/19/2015,20.384644
10/16/2015,20.789286
10/15/2015,20.631071
10/14/2015,20.919287
10/13/2015,20.978930
10/9/2015,20.920713
10/8/2015,20.504642
10/7/2015,20.411785
10/6/2015,20.434286
10/5/2015,20.577143
10/2/2015,20.398930
10/1/2015,20.725714
9/30/2015,20.418571
9/29/2015,20.409286
9/28/2015,20.101070
9/25/2015,20.153214
9/24/2015,20.035357
9/23/2015,20.633215
9/22/2015,20.684643
9/21/2015,20.438213
9/18/2015,20.081785
9/17/2015,20.190001
9/16/2015,20.377144
9/15/2015,19.891787
9/14/2015,20.045713
9/11/2015,18.942142
9/10/2015,18.932858
9/9/2015,19.502857
9/8/2015,19.756071
9/4/2015,19.936428
9/3/2015,20.239643
9/2/2015,20.375713
9/1/2015,20.327856
8/31/2015,20.292143
8/28/2015,20.338572
8/27/2015,20.187500
8/26/2015,20.779285
8/25/2015,20.927856
8/24/2015,20.790358
8/21/2015,20.856428
8/20/2015,21.535713
8/19/2015,21.703571
8/18/2015,21.785713
8/17/2015,20.010000
8/14/2015,20.417856
8/13/2015,20.463572
8/12/2015,20.980000
8/11/2015,21.726429
8/10/2015,21.775000
8/7/2015,20.718929
8/6/2015,21.615356
8/5/2015,22.241785
8/4/2015,22.364286
8/3/2015,22.444286
7/31/2015,22.722500
7/30/2015,22.631430
7/29/2015,22.296785
7/28/2015,22.475714
7/27/2015,22.093929
7/24/2015,21.412500
7/23/2015,21.780714
7/22/2015,22.057858
7/21/2015,21.945715
7/20/2015,21.677856
7/17/2015,21.287500
7/16/2015,21.405001
7/15/2015,21.517857
7/14/2015,21.641430
7/13/2015,21.467857
7/10/2015,20.913214
7/9/2015,20.912857
7/8/2015,21.056429
7/7/2015,20.289286
7/6/2015,19.714287
7/2/2015,19.470358
7/1/2015,19.356787
6/30/2015,18.953215
6/29/2015,18.937857
6/26/2015,19.041430
6/25/2015,19.470715
6/24/2015,19.445356
6/23/2015,19.372856
6/22/2015,19.121786
6/19/2015,18.777143
6/18/2015,18.657499
6/17/2015,18.442499
6/16/2015,18.322857
6/15/2015,18.387501
6/12/2015,17.932858
6/11/2015,17.936071
6/10/2015,17.773930
6/9/2015,18.195000
6/8/2015,17.950001
6/5/2015,17.622143
6/4/2015,17.613214
6/3/2015,17.024286
6/2/2015,16.743929
6/1/2015,16.570356
5/29/2015,16.417143
5/28/2015,16.254286
5/27/2015,16.292500
5/26/2015,16.302856
5/22/2015,16.178928
5/21/2015,15.974286
5/20/2015,15.879643
5/19/2015,15.952143
5/18/2015,15.014643
5/15/2015,15.264643
5/14/2015,15.010714
5/13/2015,15.276786
5/12/2015,15.325357
5/11/2015,15.167857
5/8/2015,14.993214
5/7/2015,15.049643
5/6/2015,15.091071
5/5/2015,15.115714
5/4/2015,15.061786
5/1/2015,15.085714
4/30/2015,14.929643
4/29/2015,14.765714
4/28/2015,14.686786
4/27/2015,14.464286
4/24/2015,14.468571
4/23/2015,14.380000
4/22/2015,14.518929
4/21/2015,14.404643
4/20/2015,14.233929
4/17/2015,14.158929
4/16/2015,14.141071
4/15/2015,13.650357
4/14/2015,13.607857
4/13/2015,13.533571
4/10/2015,13.578214
4/9/2015,13.886071
4/8/2015,13.994286
4/7/2015,14.057857
4/6/2015,13.952143
4/2/2015,13.896071
4/1/2015,13.962500
3/31/2015,14.036071
3/30/2015,13.917857
3/27/2015,13.854643
3/26/2015,13.650000
3/25/2015,13.328571
3/24/2015,13.432857
3/23/2015,12.984643
3/20/2015,13.106786
3/19/2015,13.446786
3/18/2015,13.178929
3/17/2015,13.390714
3/16/2015,13.478929
3/13/2015,13.741786
3/12/2015,13.886786
3/11/2015,13.545000
3/10/2015,13.736429
3/9/2015,13.757857
3/6/2015,14.117143
3/5/2015,14.508214
3/4/2015,14.276071
3/3/2015,14.294286
3/2/2015,14.395357
2/27/2015,14.193214
2/26/2015,14.161071
2/25/2015,14.456429
2/24/2015,14.462500
2/23/2015,14.453214
2/20/2015,14.307143
2/19/2015,14.206071
2/18/2015,14.491786
2/17/2015,14.031071
2/13/2015,14.118214
2/12/2015,14.236429
2/11/2015,15.080000
2/10/2015,14.999643
2/9/2015,15.071429
2/6/2015,14.586786
2/5/2015,14.363929
2/4/2015,14.296071
2/3/2015,13.886071
2/2/2015,13.207143
1/30/2015,13.477500
1/29/2015,13.508929
1/28/2015,13.303571
1/27/2015,13.378571
1/26/2015,13.618571
1/23/2015,13.948929
1/22/2015,14.178929
1/21/2015,14.259286
1/20/2015,14.398929
1/16/2015,14.439286
1/15/2015,14.350714
1/14/2015,14.719286
1/13/2015,14.766071
1/12/2015,14.701071
1/9/2015,14.303571
1/8/2015,14.034286
1/7/2015,13.903571
1/6/2015,13.736429
1/5/2015,13.569286
1/2/2015,13.481429
12/31/2014,13.719286
12/30/2014,13.711786
12/29/2014,13.562143
12/26/2014,13.358929
12/24/2014,13.608214
12/23/2014,13.743929
12/22/2014,13.928214
12/19/2014,13.927500
12/18/2014,13.699286
12/17/2014,13.347143
12/16/2014,13.435000
12/15/2014,13.342857
12/12/2014,12.730000
12/11/2014,12.715357
12/10/2014,13.073214
12/9/2014,13.587143
12/8/2014,13.588571
12/5/2014,13.693214
12/4/2014,13.463929
12/3/2014,13.346429
12/2/2014,12.988929
12/1/2014,13.357500
11/28/2014,12.614643
11/26/2014,13.343571
11/25/2014,13.477500
11/24/2014,14.020357
11/21/2014,13.889643
11/20/2014,14.169643
11/19/2014,13.945714
11/18/2014,13.993571
11/17/2014,14.021071
11/14/2014,14.407500
11/13/2014,14.232143
11/12/2014,14.046429
11/10/2014,13.831786
11/7/2014,13.817857
11/6/2014,13.458929
11/5/2014,13.350000
11/4/2014,13.032857
11/3/2014,12.777500
10/31/2014,12.786429
10/30/2014,12.633929
10/29/2014,12.642857
10/28/2014,12.846786
10/27/2014,12.757143
10/24/2014,12.562857
10/23/2014,12.479643
10/22/2014,12.259286
10/21/2014,11.988214
10/20/2014,11.930000
10/17/2014,11.973571
10/16/2014,11.858571
10/15/2014,11.655357
10/14/2014,11.829643
10/10/2014,11.521786
10/9/2014,11.617857
10/8/2014,11.261429
10/7/2014,11.437857
10/6/2014,11.612857
10/3/2014,11.669643
10/2/2014,11.872857
10/1/2014,11.664286
9/30/2014,11.639286
9/29/2014,11.838929
9/26/2014,11.865714
9/25/2014,11.858571
9/24/2014,12.072857
9/23/2014,12.265714
9/22/2014,12.360714
9/19/2014,12.339643
9/18/2014,12.422500
9/17/2014,12.050357
9/16/2014,11.964286
9/15/2014,12.027857
9/12/2014,11.863929
9/11/2014,11.942857
9/10/2014,11.972143
9/9/2014,12.161786
9/8/2014,12.138214
9/5/2014,12.005000
9/4/2014,11.903571
9/3/2014,12.160714
9/2/2014,12.377500
8/29/2014,12.401071
8/28/2014,12.480357
8/27/2014,12.414286
8/26/2014,12.380714
8/25/2014,12.383929
8/22/2014,12.484643
8/21/2014,12.435714
8/20/2014,12.367143
8/19/2014,12.504643
8/18/2014,12.383929
8/15/2014,12.505357
8/14/2014,12.515000
8/13/2014,12.607500
8/12/2014,12.525000
8/11/2014,12.228929
8/8/2014,12.066429
8/7/2014,11.851786
8/6/2014,11.695000
8/5/2014,11.872143
8/4/2014,12.004643
8/1/2014,11.871429
7/31/2014,11.814286
7/30/2014,11.966429
7/29/2014,12.074286
7/28/2014,12.072857
7/25/2014,12.103214
7/24/2014,12.185357
7/23/2014,12.305714
7/22/2014,12.446786
7/21/2014,12.451071
7/18/2014,12.534286
7/17/2014,12.515714
7/16/2014,12.555000
7/15/2014,12.320357
7/14/2014,12.113929
7/11/2014,12.185714
7/10/2014,12.117857
7/9/2014,11.809643
7/8/2014,11.951429
7/7/2014,11.786071
7/3/2014,12.336786
7/2/2014,12.627143
7/1/2014,12.571071
6/30/2014,12.381071
6/27/2014,12.588214
6/26/2014,12.705714
6/25/2014,12.691429
6/24/2014,12.857143
6/23/2014,12.841429
6/20/2014,12.575714
6/19/2014,12.475357
6/18/2014,12.614643
6/17/2014,12.434286
6/16/2014,12.245714
6/13/2014,12.236429
6/12/2014,12.093214
6/11/2014,12.520000
6/10/2014,12.796429
6/9/2014,12.968929
6/6/2014,12.853571
6/5/2014,12.827857
6/4/2014,12.744643
6/3/2014,12.662143
6/2/2014,12.791429
5/30/2014,12.685714
5/29/2014,12.567143
5/28/2014,12.375000
5/27/2014,12.265714
5/23/2014,12.297143
5/22/2014,12.322500
5/21/2014,12.118571
5/20/2014,12.003571
5/19/2014,12.257500
5/16/2014,12.280357
5/15/2014,12.192857
5/14/2014,12.051786
5/13/2014,11.668571
5/12/2014,11.881429
5/9/2014,12.101429
5/8/2014,12.166071
5/7/2014,12.445714
5/6/2014,12.345714
5/5/2014,12.300714
5/2/2014,12.201429
5/1/2014,12.230357
4/30/2014,12.004286
4/29/2014,11.918929
4/28/2014,11.928571
4/25/2014,11.831786
4/24/2014,11.770357
4/23/2014,11.520000
4/22/2014,11.559286
4/21/2014,11.617500
4/17/2014,11.623929
4/16/2014,11.595714
4/15/2014,11.557143
4/14/2014,11.612857
4/11/2014,11.578571
4/10/2014,11.507500
4/9/2014,11.450357
4/8/2014,11.473214
4/7/2014,11.441429
4/4/2014,11.438929
4/3/2014,11.488214
4/2/2014,11.448571
4/1/2014,11.420000
3/31/2014,11.464643
3/28/2014,11.364643
3/27/2014,11.433929
3/26/2014,11.337143
3/25/2014,11.362500
3/24/2014,11.300000
3/21/2014,11.112500
3/20/2014,11.316786
3/19/2014,11.250000
3/18/2014,11.242857
3/17/2014,11.026071
3/14/2014,11.191429
3/13/2014,10.954643
3/12/2014,11.015357
3/11/2014,10.732143
3/10/2014,10.771071
3/7/2014,10.965714
3/6/2014,11.001071
3/5/2014,11.308929
3/4/2014,11.358214
3/3/2014,11.288571
2/28/2014,11.379286
2/27/2014,11.326071
2/26/2014,11.366786
2/25/2014,11.171429
2/24/2014,11.048571
2/21/2014,10.863571
2/20/2014,10.749286
2/19/2014,10.901429
2/18/2014,10.993929
2/14/2014,11.001786
2/13/2014,11.030000
2/12/2014,10.981071
2/11/2014,11.054286
2/10/2014,11.090357
2/7/2014,11.053214
2/6/2014,11.357143
2/5/2014,11.240714
2/4/2014,10.796786
2/3/2014,10.719286
1/31/2014,10.662143
1/30/2014,10.548571
1/29/2014,10.502500
1/28/2014,10.329286
1/27/2014,10.328214
1/24/2014,10.319286
1/23/2014,9.951429
1/22/2014,10.090000
1/21/2014,10.133929
1/17/2014,10.263214
1/16/2014,10.245000
1/15/2014,10.398571
1/14/2014,10.440000
1/13/2014,10.318571
1/10/2014,10.276786
1/9/2014,10.134643
1/8/2014,10.115357
1/7/2014,9.834643
1/6/2014,9.877500
1/3/2014,9.650714
1/2/2014,9.573571
12/31/2013,9.537143
12/30/2013,9.407500
12/27/2013,9.395357
12/26/2013,9.390000
12/24/2013,9.207500
12/23/2013,9.241786
12/20/2013,9.006071
12/19/2013,8.940357
12/18/2013,8.682143
12/17/2013,8.660714
12/16/2013,8.629286
12/13/2013,8.581429
12/12/2013,8.674643
12/11/2013,8.568929
12/10/2013,8.778571
12/9/2013,8.915714
12/6/2013,8.924286
12/5/2013,9.038214
12/4/2013,8.998929
12/3/2013,8.844286
12/2/2013,8.896429
11/29/2013,8.992500
11/27/2013,8.935357
11/26/2013,9.264643
11/25/2013,9.348214
11/22/2013,9.288929
11/21/2013,9.346429
11/20/2013,9.392143
11/19/2013,9.354643
11/18/2013,9.351786
11/15/2013,9.187500
11/14/2013,9.218214
11/13/2013,9.320000
11/12/2013,9.431429
11/8/2013,9.260000
11/7/2013,9.283571
11/6/2013,9.250714
11/5/2013,9.080000
11/4/2013,8.996071
11/1/2013,8.770714
10/31/2013,8.925000
10/30/2013,8.980357
10/29/2013,9.026071
10/28/2013,8.992857
10/25/2013,9.188929
10/24/2013,9.272143
10/23/2013,9.217500
10/22/2013,9.238214
10/21/2013,8.879643
10/18/2013,8.819286
10/17/2013,8.874286
10/16/2013,8.983214
10/15/2013,9.148929
10/11/2013,9.582143
10/10/2013,9.525000
10/9/2013,9.607143
10/8/2013,9.677500
10/7/2013,9.780357
10/4/2013,9.648929
10/3/2013,9.788214
10/2/2013,9.709643
10/1/2013,9.544643
9/30/2013,9.274643
9/27/2013,9.081429
9/26/2013,9.053929
9/25/2013,8.946786
9/24/2013,8.685714
9/23/2013,8.904643
9/20/2013,8.962143
9/19/2013,9.141429
9/18/2013,9.397143
9/17/2013,9.426786
9/16/2013,9.315357
9/13/2013,9.174286
9/12/2013,9.048214
9/11/2013,8.718214
9/10/2013,8.757857
9/9/2013,8.812857
9/6/2013,8.654286
9/5/2013,8.491429
9/4/2013,8.869286
9/3/2013,9.012857
8/30/2013,9.079286
8/29/2013,9.065000
8/28/2013,9.227143
8/27/2013,9.360357
8/26/2013,9.161429
8/23/2013,9.071071
8/22/2013,8.423571
8/21/2013,8.794643
8/20/2013,9.142500
8/19/2013,9.238571
8/16/2013,9.512500
8/15/2013,9.324643
8/14/2013,9.594286
8/13/2013,9.342857
8/12/2013,9.358571
8/9/2013,9.625000
8/8/2013,9.672500
8/7/2013,9.516786
8/6/2013,9.257857
8/5/2013,8.735357
8/2/2013,8.823929
8/1/2013,8.835714
7/31/2013,8.890000
7/30/2013,8.774643
7/29/2013,8.658214
7/26/2013,8.653214
7/25/2013,8.635357
7/24/2013,8.569643
7/23/2013,8.592857
7/22/2013,8.555000
7/19/2013,8.517500
7/18/2013,8.427500
7/17/2013,8.392857
7/16/2013,8.423214
7/15/2013,8.299643
7/12/2013,8.246429
7/11/2013,8.094643
7/10/2013,8.191786
7/9/2013,8.155714
7/8/2013,8.026786
7/5/2013,7.937500
7/3/2013,8.023214
7/2/2013,8.004286
7/1/2013,8.016071
6/28/2013,7.994286
6/27/2013,8.092857
6/26/2013,8.053571
6/25/2013,8.030000
6/24/2013,7.965000
6/21/2013,7.824286
6/20/2013,7.819643
6/19/2013,7.525357
6/18/2013,7.476071
6/17/2013,7.458929
6/14/2013,7.463929
6/13/2013,7.307857
6/12/2013,7.214286
6/11/2013,7.166429
6/10/2013,7.037857
6/7/2013,7.157857
6/6/2013,7.202500
6/5/2013,7.247500
6/4/2013,7.233929
6/3/2013,7.264286
5/31/2013,7.156429
5/30/2013,7.095357
5/29/2013,6.968571
5/28/2013,7.006786
5/24/2013,6.932857
5/23/2013,6.980714
5/22/2013,6.858929
5/21/2013,7.115357
5/20/2013,6.995000
5/17/2013,6.954643
5/16/2013,6.859286
5/15/2013,7.117500
5/14/2013,7.424286
5/13/2013,7.355000
5/10/2013,7.252500
5/9/2013,7.062500
5/8/2013,7.431071
5/7/2013,7.561786
5/6/2013,7.680000
5/3/2013,7.354643
5/2/2013,7.479643
5/1/2013,7.523214
4/30/2013,7.418571
4/29/2013,7.503929
4/26/2013,7.570714
4/25/2013,7.520714
4/24/2013,7.534643
4/23/2013,7.656429
4/22/2013,7.643214
4/19/2013,7.526071
4/18/2013,7.558571
4/17/2013,7.467857
4/16/2013,7.557500
4/15/2013,7.465714
4/12/2013,7.217857
4/11/2013,7.155714
4/10/2013,7.079643
4/9/2013,6.979643
4/8/2013,6.852143
4/5/2013,6.965357
4/4/2013,6.934643
4/3/2013,7.035000
4/2/2013,6.952500
4/1/2013,7.015357
3/28/2013,7.064286
3/27/2013,6.781071
3/26/2013,6.748214
3/25/2013,6.904286
3/22/2013,7.017143
3/21/2013,7.008214
3/20/2013,7.034643
3/19/2013,7.139643
3/18/2013,7.163929
3/15/2013,7.292500
3/14/2013,7.301429
3/13/2013,7.352857
3/12/2013,7.140000
3/11/2013,7.161071
3/8/2013,7.355714
3/7/2013,7.392857
3/6/2013,7.379643
3/5/2013,7.301786
3/4/2013,7.213929
3/1/2013,7.258929
2/28/2013,7.249286
2/27/2013,7.195000
2/26/2013,6.940714
2/25/2013,6.929643
2/22/2013,6.814643
2/21/2013,6.741071
2/20/2013,6.761071
2/19/2013,6.732143
2/15/2013,7.012500
2/14/2013,6.871429
2/13/2013,7.048929
2/12/2013,7.231429
2/11/2013,7.283571
2/8/2013,7.328571
2/7/2013,7.318571
2/6/2013,7.098571
2/5/2013,6.780714
2/4/2013,6.716071
2/1/2013,6.805714
1/31/2013,6.831786
1/30/2013,6.786429
1/29/2013,6.814643
1/28/2013,6.802500
1/25/2013,6.759643
1/24/2013,6.794643
1/23/2013,6.786071
1/22/2013,6.643571
1/18/2013,6.603571
1/17/2013,6.459286
1/16/2013,6.619643
1/15/2013,6.620714
1/14/2013,6.648214
1/11/2013,6.513214
1/10/2013,6.565000
1/9/2013,6.625000
1/8/2013,6.588571
1/7/2013,6.572143
1/4/2013,6.607857
1/3/2013,6.591071
1/2/2013,6.495357
12/31/2012,6.255714
12/28/2012,6.204286
12/27/2012,6.148571
12/26/2012,6.162857
12/24/2012,6.112143
12/21/2012,6.176071
12/20/2012,6.082500
12/19/2012,5.948214
12/18/2012,5.899286
12/17/2012,5.903571
12/14/2012,6.007500
12/13/2012,6.073214
12/12/2012,6.051786
12/11/2012,5.978929
12/10/2012,6.050000
12/7/2012,6.037857
12/6/2012,6.043571
12/5/2012,5.940357
12/4/2012,5.878571
12/3/2012,5.857143
11/30/2012,5.699643
11/29/2012,5.956429
11/28/2012,6.015000
11/27/2012,5.903929
11/26/2012,5.815357
11/23/2012,5.882857
11/21/2012,5.911071
11/20/2012,5.853929
11/19/2012,5.896786
11/16/2012,5.912500
11/15/2012,5.943929
11/14/2012,5.835357
11/13/2012,5.813929
11/9/2012,5.715357
11/8/2012,5.714286
11/7/2012,5.717857
11/6/2012,5.713929
11/5/2012,5.636429
11/2/2012,5.597857
11/1/2012,5.411071
10/31/2012,5.461071
10/30/2012,5.419643
10/29/2012,5.268571
10/26/2012,5.245714
10/25/2012,5.081071
10/24/2012,5.083571
10/23/2012,4.947143
10/22/2012,4.870000
10/19/2012,4.900714
10/18/2012,4.835714
10/17/2012,4.950357
10/16/2012,5.000714
10/15/2012,5.101071
10/12/2012,5.086786
10/11/2012,5.070357
10/10/2012,5.087143
10/9/2012,4.995000
10/5/2012,4.865000
10/4/2012,4.786071
10/3/2012,4.906071
10/2/2012,4.981429
10/1/2012,4.852857
9/28/2012,4.842143
9/27/2012,4.869643
9/26/2012,4.860357
9/25/2012,4.891786
9/24/2012,4.998214
9/21/2012,5.008929
9/20/2012,5.097143
9/19/2012,5.137500
9/18/2012,5.166786
9/17/2012,5.133571
9/14/2012,5.033929
9/13/2012,4.981786
9/12/2012,4.976786
9/11/2012,4.850357
9/10/2012,4.823929
9/7/2012,4.751786
9/6/2012,4.670714
9/5/2012,4.375000
9/4/2012,4.435000
8/31/2012,4.495357
8/30/2012,4.551786
8/29/2012,4.523214
8/28/2012,4.372143
8/27/2012,4.391071
8/24/2012,4.267500
8/23/2012,4.443571
8/22/2012,4.627500
8/21/2012,4.613929
8/20/2012,4.609286
8/17/2012,4.732143
8/16/2012,4.739643
8/15/2012,4.716786
8/14/2012,4.544286
8/13/2012,4.493929
8/10/2012,4.469286
8/9/2012,4.425000
8/8/2012,4.454643
8/7/2012,4.425000
8/6/2012,4.478571
8/3/2012,4.339643
8/2/2012,4.348571
8/1/2012,4.303571
7/31/2012,4.407857
7/30/2012,4.337500
7/27/2012,4.201429
7/26/2012,4.225357
7/25/2012,4.293571
7/24/2012,4.270357
7/23/2012,4.154286
7/20/2012,4.107143
7/19/2012,4.230357
7/18/2012,4.142500
7/17/2012,4.025357
7/16/2012,3.881786
7/13/2012,3.754286
7/12/2012,3.731786
7/11/2012,3.816071
7/10/2012,3.923929
7/9/2012,3.803214
7/6/2012,3.803571
7/5/2012,3.845000
7/3/2012,3.628214
7/2/2012,3.629286
6/29/2012,3.625714
6/28/2012,3.559286
6/27/2012,3.407857
6/26/2012,3.426071
6/25/2012,3.441071
6/22/2012,3.310000
6/21/2012,3.165357
6/20/2012,2.968214
6/19/2012,3.046429
6/18/2012,3.172857
6/15/2012,3.256071
6/14/2012,3.156071
6/13/2012,3.140714
6/12/2012,3.189643
6/11/2012,3.185357
6/8/2012,3.255714
6/7/2012,3.223214
6/6/2012,3.105357
6/5/2012,3.257143
6/4/2012,3.237143
6/1/2012,3.370357
5/31/2012,3.376071
5/30/2012,3.541429
5/29/2012,3.545357
5/25/2012,3.457857
5/24/2012,3.493929
5/23/2012,3.661071
5/22/2012,3.561429
5/21/2012,3.445000
5/18/2012,3.341071
5/17/2012,3.320714
5/16/2012,3.268214
5/15/2012,3.218929
5/14/2012,3.321429
5/11/2012,3.364286
5/10/2012,3.240357
5/9/2012,3.201429
5/8/2012,3.155714
5/7/2012,3.155714
5/4/2012,2.958214
5/3/2012,2.792857
5/2/2012,2.940357
5/1/2012,2.977857
4/30/2012,3.047500
4/27/2012,3.132500
4/26/2012,3.166429
4/25/2012,3.235000
4/24/2012,3.310714
4/23/2012,3.250357
4/20/2012,3.322143
4/19/2012,3.377857
4/18/2012,3.241071
4/17/2012,3.048214
4/16/2012,3.081786
4/13/2012,3.093214
4/12/2012,3.064643
4/11/2012,3.037143
4/10/2012,3.085000
4/9/2012,3.062143
4/5/2012,3.214286
4/4/2012,3.193929
4/3/2012,3.184286
4/2/2012,3.408214
3/30/2012,3.383929
3/29/2012,3.509643
3/28/2012,3.392857
3/27/2012,3.507500
3/26/2012,3.573571
3/23/2012,3.561429
3/22/2012,3.357143
3/21/2012,3.264643
3/20/2012,3.425000
3/19/2012,3.302500
3/16/2012,3.176071
3/15/2012,3.309643
3/14/2012,3.392857
3/13/2012,3.242857
3/12/2012,3.319643
3/9/2012,2.949286
3/8/2012,2.874643
3/7/2012,3.081786
3/6/2012,3.211071
3/5/2012,3.147857
3/2/2012,3.222857
3/1/2012,3.444286
2/29/2012,3.218571
2/28/2012,3.384643
2/27/2012,3.424286
2/24/2012,3.508571
2/23/2012,3.539286
2/22/2012,3.689286
2/21/2012,3.963929
2/17/2012,3.820000
2/16/2012,3.842500
2/15/2012,3.965714
2/14/2012,3.733929
2/13/2012,3.568214
2/10/2012,3.288929
2/9/2012,3.442143
2/8/2012,3.508214
2/7/2012,3.459643
2/6/2012,3.267500
2/3/2012,3.515714
2/2/2012,3.478571
2/1/2012,3.638929
1/31/2012,3.498214
1/30/2012,3.717143
1/27/2012,3.937857
1/26/2012,3.457143
1/25/2012,3.169286
1/24/2012,3.206786
1/23/2012,3.184286
1/20/2012,3.505000
1/19/2012,3.466786
1/18/2012,3.575000
1/17/2012,3.897143
1/13/2012,4.059286
1/12/2012,3.759286
1/11/2012,4.580000
1/10/2012,4.711786
1/9/2012,4.596786
1/6/2012,4.530000
1/5/2012,4.680357
1/4/2012,5.032500
1/3/2012,4.788929
12/30/2011,4.565357
12/29/2011,4.995714
12/28/2011,5.012857
12/27/2011,5.319286
12/23/2011,5.451786
12/22/2011,5.414643
12/21/2011,5.417143
12/20/2011,5.640000
12/19/2011,5.720714
12/16/2011,5.757857
12/15/2011,5.962857
12/14/2011,5.935357
12/13/2011,6.054643
12/12/2011,6.205000
12/9/2011,6.238214
12/8/2011,6.201429
12/7/2011,6.162500
12/6/2011,6.313929
12/5/2011,6.224643
12/2/2011,6.280000
12/1/2011,6.197500
11/30/2011,6.263929
11/29/2011,6.276429
11/28/2011,6.404286
11/25/2011,6.403571
11/23/2011,6.311786
11/22/2011,6.198571
11/21/2011,6.055357
11/18/2011,5.841786
11/17/2011,5.863929
11/16/2011,5.737143
11/15/2011,5.472500
11/14/2011,5.595000
11/10/2011,5.676786
11/9/2011,5.710000
11/8/2011,5.610000
11/7/2011,5.514286
11/4/2011,5.790000
11/3/2011,5.679643
11/2/2011,5.937857
11/1/2011,5.786429
10/31/2011,5.938929
10/28/2011,5.898214
10/27/2011,6.136071
10/26/2011,6.171786
10/25/2011,6.058571
10/24/2011,6.210000
10/21/2011,6.163571
10/20/2011,6.308214
10/19/2011,6.223214
10/18/2011,6.412500
10/17/2011,6.255714
10/14/2011,6.075714
10/13/2011,6.006429
10/12/2011,6.238571
10/11/2011,5.980000
10/7/2011,6.074643
10/6/2011,6.009286
10/5/2011,6.335357
10/4/2011,6.187500
10/3/2011,6.184286
9/30/2011,6.259643
9/29/2011,6.460714
9/28/2011,6.383929
9/27/2011,6.479643
9/26/2011,6.315714
9/23/2011,6.156071
9/22/2011,6.187857
9/21/2011,6.457500
9/20/2011,6.630000
9/19/2011,6.486071
9/16/2011,6.630000
9/15/2011,6.765357
9/14/2011,6.613929
9/13/2011,6.620357
9/12/2011,6.646429
9/9/2011,6.741071
9/8/2011,6.667500
9/7/2011,6.678929
9/6/2011,6.658214
9/2/2011,6.470357
9/1/2011,6.323214
8/31/2011,6.363929
8/30/2011,6.639286
8/29/2011,6.557143
8/26/2011,6.700714
8/25/2011,6.776071
8/24/2011,6.652143
8/23/2011,6.784286
8/22/2011,6.720000
8/19/2011,6.551786
8/18/2011,6.609286
8/17/2011,6.521071
8/16/2011,6.666429
8/15/2011,6.597500
8/12/2011,6.462143
8/11/2011,6.428571
8/10/2011,6.212500
8/9/2011,6.251786
8/8/2011,6.151429
8/5/2011,6.061786
8/4/2011,6.033571
8/3/2011,5.817500
8/2/2011,5.721429
8/1/2011,6.005714
7/29/2011,5.751429
7/28/2011,5.517500
7/27/2011,5.489286
7/26/2011,5.299286
7/25/2011,5.277857
7/22/2011,5.255000
7/21/2011,5.519643
7/20/2011,5.408571
7/19/2011,5.458571
7/18/2011,5.567500
7/15/2011,5.467143
7/14/2011,5.414643
7/13/2011,5.267500
7/12/2011,5.340357
7/11/2011,5.125000
7/8/2011,5.107500
7/7/2011,5.008929
7/6/2011,5.180714
7/5/2011,5.035000
7/1/2011,4.983214
6/30/2011,4.759643
6/29/2011,4.631071
6/28/2011,4.743571
6/27/2011,4.526071
6/24/2011,4.521786
6/23/2011,4.569286
6/22/2011,4.501071
6/21/2011,4.548214
6/20/2011,4.274643
6/17/2011,4.366071
6/16/2011,4.318929
6/15/2011,4.446071
6/14/2011,4.450714
6/13/2011,4.347500
6/10/2011,4.465000
6/9/2011,4.639643
6/8/2011,4.391429
6/7/2011,4.255357
6/6/2011,4.276429
6/3/2011,4.266429
6/2/2011,4.340714
6/1/2011,4.422143
5/31/2011,4.363571
5/27/2011,4.451071
5/26/2011,4.552143
5/25/2011,4.621429
5/24/2011,4.459286
5/23/2011,4.623214
5/20/2011,4.481429
5/19/2011,4.330000
5/18/2011,4.357143
5/17/2011,4.620000
5/16/2011,4.701786
5/13/2011,4.776786
5/12/2011,4.834286
5/11/2011,4.720714
5/10/2011,4.697857
5/9/2011,4.643214
5/6/2011,4.643214
5/5/2011,4.842857
5/4/2011,4.966786
5/3/2011,5.558571
5/2/2011,5.762857
4/29/2011,5.746071
4/28/2011,5.701429
4/27/2011,6.037143
4/26/2011,6.385000
4/25/2011,6.167500
4/21/2011,6.357857
4/20/2011,6.407143
4/19/2011,6.116071
4/18/2011,6.344286
